525	295	1st_Gold_Musketeer
261	295	1st_Iron_Musketeer
2053	294	1st_Legionnaire
261	295	2nd_Legionnaire
261	295	2nd_Legion_Scout
266	295	3rd_Legionnaire
258	295	7th_Cohors_Legionnaire
525	295	8th_Iron_Musketeer
1778	45	Acrolith
400	298	Adamantoise
512	295	Adelheid
1886	295	Afrhaad
318	237	Aiatar
775	297	Ajido-Marujido
1834	239	Alexander_NP
328	307	Amemet
284	460	Amikiri
1895	295	Amnaf_blu
296	340	Ancient_Goobbue
1800	5	Anise_Custard
1723	171	Apkallu
1293	297	Aquarian_Caster
356	25	Aquarius
310	464	Arachne
777	293	Aragoneu_Knight
1821	75	Archaic_Chariot
1819	79	Archaic_Gear
1820	81	Archaic_Gears
1818	84	Archaic_Rampart
265	195	Arch_Ahriman
751	201	Arch_Demon
384	7	Argus
1822	75	Armored_Chariot
356	25	Arrapago_Crab
1896	403	Ashu_Talif_Captain
1898	403	Ashu_Talif_Crew_rng
1899	403	Ashu_Talif_Marine
420	219	Ash_Dragon
368	408	Asphyxiated_Amsel
2325	240	Atomos
1747	435	Augmented_Chigoe
1776	215	Balrahn
1888	295	Bashdeel
369	407	Batteilant_Bhoot
1824	75	Battleclad_Chariot
1824	75	Battledressed_Chariot
264	195	Bat_Eye
404	85	Behemoth
280	46	Bifrons
1726	212	Black_Baron
1897	403	Black_Bartholomew
1799	5	Black_Pudding
1793	90	Black_Shuck
276	8	Bloodpool_Vorax
276	8	Bloodsucker_NI
344	108	Bloodtear_Baldurf
453	476	Bloody_Daggers
1607	132	Bluethunder_Kaqool_Ja
280	46	Bomb_King
1357	88	Bonnacon
1365	187	Boroka
450	377	Brittle_Rock
1712	163	Broken_Troll_Soldier_mnk
416	100	Bubbly
348	38	Buburimboo
1351	302	Bugard
1351	302	Bull_Bugard
398	235	Bune
368	408	Burned_Bergmann
309	112	Byakko
372	334	Cactuar_Cantautor
512	295	Cadet_Woundpatcher_I
512	295	Cadet_Woundpatcher_II
512	295	Cadet_Woundpatcher_III
2255	242	Cait_Sith_Ceithir
381	353	Capricious_Cassie
1546	297	Capricornian_Caster
1800	5	Caraway_Custard
356	25	Cargo_Crab_Colin
406	439	Carmine_Eruca
340	111	Carnero
356	25	Carrion_Crab
277	8	Carrion_Leech
292	18	Carrion_Slime
321	398	Carrion_Toad
1793	90	Cerberus
352	42	Charybdis
1747	435	Chigoe
1654	129	Chigoe_Breeder
276	8	Chocoboleech
1800	5	Cinnamon_Custard
401	298	Citadel_Chelonian
1038	293	Clavauert_B_Chanoix
1807	296	Cobra_Mercenary
1720	179	Colibri
270	106	Coney
2320	370	Confederate_Belfry
741	201	Count_Bifrons
1845	421	Count_Dracula
396	437	Crawler
406	439	Crimson_Eruca
368	408	Crushed_Krause
1800	5	Cumin_Custard
1384	476	Cursed_Axe
258	73	Cursed_Chest
1747	435	Cursed_Chigoe
256	295	Cursed_Doppelganger
1896	403	Cutthroat_Kabsalah
364	409	Cwn_Cyrff
1669	131	D5J2-MERROW
1669	131	D5R3-MERROW
1672	131	D5S1-MERROW
316	315	Daggerclaw_Dracos
421	218	Dahak
1967	295	Danzo
1758	416	Darkling_Draugar
656	150	Darksteel_Quadav
1727	212	Deadpan_Devilet
376	338	Death_Cap
272	428	Death_from_Above
321	398	Debaucher
316	315	Deinonychus
1727	212	Dekka
1775	215	Demented_Jalaawa
1977	382	Demolition_Automaton
348	38	Demonic_Pugil
1385	476	Demonic_Rod
380	353	Demonic_Rose
272	428	Demonic_Tiphia
256	173	Desmodont
369	407	Deviate_Bhoot
1727	212	Devilet
352	42	Devil_Manta
1889	293	Dhiadjhar
408	429	Diamond_Daig
1580	374	Dilapidated_Gate
1353	442	Diremite
1963	295	Djahama
1813	146	Don_Poroggo
548	415	Doppelganger_Dio
547	415	Doppelganger_Gog
395	366	Dosetsu_Tree
1762	416	Draconic_Draugar
328	307	Draco_Lizard
1766	416	Draugar
761	237	Draugars_Wyvern
543	415	Drexerion_the_Condemned
380	353	Drooling_Daisy
310	464	Dune_Widow
552	415	Eastern_Shadow
1799	5	Ebony_Pudding
416	100	Edacious_Opo-opo
1792	379	Effluvial_Grenade
1363	394	Elel
376	338	Ellyllon
667	150	Emerald_Quadav
391	366	Emergent_Elm
1799	5	Empathic_Flan
406	439	Energetic_Eruca
1813	146	Eriri_Samariri
1874	403	Experimental_Undead_thf
783	226	Fafnir
310	464	Falcatus_Aranei
1902	402	Fallen_Imperial_Trooper
1903	402	Fallen_Imperial_Wizard
1901	402	Fallen_Volunteer
1883	295	Faluuya
1281	297	Federation_Garrison
1293	297	Federation_Infantry
398	235	Festive_Firedrake
1818	84	First_Rampart
2057	294	Five_Moons
1314	374	Flammen-Brenner
1799	5	Flux_Flan
1818	84	Fourth_Rampart
388	366	Fraelissa
280	46	Friar_Rush
280	46	Friars_Lantern
402	98	Frostmane
564	419	Frozen_Bones
408	429	Fungus_Beetle
1726	212	Gakke
1889	293	Ganmuul
432	63	Gargantua
364	409	Garm
1881	295	Gasharyad
313	464	Gate_Widow
369	407	Gelid_Bhoot
1735	147	Gem_Heister_Roorooroon
407	300	Genbu
368	408	Gespenst
1083	168	Gessho
1889	293	Ghahnis
1888	295	Ghayaraan
280	46	Giddy_Bomb
275	121	Gigas_Flanker
274	121	Gigas_Trebucket
1800	5	Ginger_Custard
1383	126	Goblin_Poisoner
1383	126	Goblin_Reaver
256	173	Golden_Bat
659	150	Gold_Quadav
296	340	Goobbue_Wanderer
2049	295	Gowam
356	25	Greatclaw
402	98	Greater_Manticore
398	235	Guivre
1353	442	Gyre-Carlin_NI
1819	79	Gyroscopic_Gear
1820	81	Gyroscopic_Gears
397	437	Habetrot
1886	295	Habraheem
1900	403	Hammerblow_Majanun
445	175	Helldiver
320	398	Hellion
1726	212	Heraldic_Imp
408	429	Hercules_Beetle
1886	295	Hkadouf
310	464	Huge_Spider
272	428	Hunting_Wasp
1796	222	Hydra
1726	212	Imp
1819	79	Imperial_Gear
1820	81	Imperial_Gears
1349	303	Intulo
653	150	Iron_Quadav
768	293	Iron_Ram_Knight
382	353	Jaded_Jody
268	106	Jaggedy-Eared_Jack
1727	212	Jakko
1889	293	Jalyaat
296	340	Jolly_Green
1685	163	Jorporbor_the_Hellraker
483	62	Juggler_Hecatomb
1654	129	K22B6-LAMIA
1647	129	K22H3-LAMIA
1655	129	K22P2-LAMIA
1644	129	K23H1-LAMIA
523	295	Kadjaya
1884	297	Karababa
1966	293	Karazahm
296	340	Keeper_of_Halidom
356	25	Kelp_Crab
353	42	Kelp_Kulshedra
348	38	Kelp_Pugil
1805	67	Khimaira
1805	67	Khimaira_14X
2075	139	Kingslayer_Doggvdegg
357	25	King_Arthro
1839	204	King_Goldemar
308	114	Kirata
356	25	Knight_Crab
301	350	Korrigan
336	189	Kreutzet
1888	295	Krinahal
369	407	Kudagitsune
1960	295	Kudjreel
353	42	Kulshedra
1970	295	Kusa
1084	168	Laa_Yaku_the_Austere
2027	14	Lambton_Worm
1646	129	Lamia_Bowyer
1653	129	Lamia_Dancer
1647	129	Lamia_Dartist
1655	129	Lamia_Fatedealer
1654	129	Lamia_Graverobber
1644	129	Lamia_No13
1657	129	Lamia_No14
1645	129	Lamia_No17
1654	129	Lamia_Prosector
1655	129	Lamia_Sharper
15	259	Lamias_Elemental
328	307	Leaping_Lizzy
276	8	Leech
276	8	Leech_King
388	366	Leshy
1720	179	Lesser_Colibri
426	23	Leujaoam_Worm
1293	297	Libran_Caster
2191	295	Lilisette
317	315	Lindwurm
462	476	Living_Staves
1825	75	Long-Armed_Chariot
1823	75	Long-Bowed_Chariot
1825	75	Long-Gunned_Chariot
1823	75	Long-Horned_Chariot
352	42	Lord_of_Onzozo
409	429	Lumber_Jack
282	46	Mad_Bomber
469	476	Magic_Shields
661	150	Magnes_Quadav
392	360	Maighdean_Uaine
292	18	Maltha
1607	132	Mamool_Ja_Bounder
1607	132	Mamool_Ja_Breeder
1634	132	Mamool_Ja_Executioner_wh
1627	132	Mamool_Ja_Farrier
1607	132	Mamool_Ja_Mahout
1607	132	Mamool_Ja_Mimicker
1607	132	Mamool_Ja_Recruit
1627	132	Mamool_Ja_Savant
1631	132	Mamool_Ja_Sophist
1616	132	Mamool_Ja_Spearman
1609	132	Mamool_Ja_Strapper
328	307	Mamool_Jas_Lizard
24	236	Mamool_Jas_Wyvern
1619	132	Mamool_Ja_Trainee_nin
1619	132	Mamool_Ja_Warder_nin
1619	132	Mamool_Ja_Zenist
402	98	Manticore
1886	295	Mareyamad
1738	99	Marid
445	175	Marsh_Murre
691	127	Martial_Maestro_Megomak
1982	382	Maymun_09
1977	382	Maymun_21
1994	382	Maymun_27
1977	382	Maymun_33
1982	382	Maymun_53
1994	382	Maymun_74
1351	302	Megalobugard
1669	131	Merrow_Chantress
1669	131	Merrow_Icedancer
1672	131	Merrow_Kabukidancer
1670	131	Merrow_No16
1669	131	Merrow_Shadowdancer
376	338	Migrant_Russula
384	7	Mindgazer
426	23	Mineral_Eater
1800	5	Mint_Custard
416	100	Mischievous_Micholas
1727	212	Mokka
1727	212	Mokke
1727	212	Mokku
1351	302	Molted_Bugard
317	315	Molted_Lindwurm
1619	132	Molted_Mamool_Ja
1744	224	Molted_Puk
289	177	Molted_Ziz
300	350	Mourioche
376	338	Mycophile
2011	296	Naja_Salaheem
402	98	Narasimha
1885	295	Nareema
651	150	Nickel_Quadav
263	295	Nicolaus
412	69	Nightmare_Vase
1349	303	Night_Eft
356	25	Nipper
376	338	Noble_Mold
436	261	Nocuous_Inferno
549	415	Northern_Shadow
1032	293	Norvallen_Knight
445	175	Nunyenunc
328	306	Nussknacker
1800	5	Nutmeg_Custard
290	59	Odqan
320	398	Ogama
1969	295	Oko
1709	163	Old_Troll
256	173	Old_Two-Wings
320	398	Oni_Carcass
1791	374	Onyx_Mine
2074	139	Orcish_Carrier
612	139	Orcish_Grunt
2052	139	Orcish_Guard
620	139	Orcish_Impaler
2075	139	Orcish_Officer
629	139	Orcish_Serjeant
2048	139	Orcish_Stormer
2162	143	Orcish_Turret
1345	336	Orctrap
1813	146	Oriri_Samariri
1729	34	Orobon_fished
1796	222	Orochi
367	92	Ose
408	429	Panzer_Percival
352	42	Peg_Powler
288	177	Pelican
348	38	Percipient_Fish
348	38	Periqia_Pugil
336	190	Peryton
538	415	Phanduron_the_Condemned
1351	302	Pit_Bugard
317	315	Pit_Lindwurm
1744	224	Pit_Puk
310	464	Pit_Spider
1811	145	Poroggo
2238	145	Poroggo_Gent
1813	145	Poroggo_Madame
1313	74	Posten
1899	403	Powderkeg_Yanadahn
1799	5	Princess_Pudding
1207	293	Prishe
1775	215	Psycheflayer
348	38	Puffer_Pugil
348	38	Pugil
1744	224	Puk_WW
1744	224	Puk_Executioner
368	408	Pulverized_Pfeffer
770	293	Pupil_Palliator_II
321	398	Putrid_Immortal_Guard
1806	296	Python_Mercenary
1735	147	Qiqirn_Archaeologist
1735	147	Qiqirn_Astrologer
1735	147	Qiqirn_Ceramist
1735	147	Qiqirn_Eggler
1735	147	Qiqirn_Huckster
1790	374	Qiqirn_Mine
1735	147	Qiqirn_Miner
1735	147	Qiqirn_Pecheur
1735	147	Qiqirn_Treasure_Hunter
1735	147	Qiqirn_Volcanist
2126	150	Quadav_Carrier
2117	150	Quadav_Guard
665	150	Quadav_Stormer
2168	155	Quadav_Turret
1886	295	Qudeen
1735	147	Quick_Draw_Sasaroon
1733	414	Qutrub_drk
1821	75	Racing_Chariot
1889	293	Rahdjab
1808	470	Ranch_Wamoura
1802	471	Ranch_Wamouracampa
1393	295	Raubahn
1834	239	Razfahd
1818	84	Reactionary_Rampart
2048	294	Republican_Infantry
2050	294	Republic_Garrison
1766	416	Reserve_Draugar_AR_blm
1889	293	Rhushouf
336	190	Roc
1738	99	Rogue_Marid
1801	296	Romaa_Mihgo
783	293	Rongelouts_N_Distaud
769	293	Royal_Garrison
782	293	Royal_Guard
768	293	Royal_Infantry
771	293	Royal_Knight
670	150	Ruby_Quadav
372	334	Sabotender_Bailarin
372	334	Sabotender_Maestro
372	334	Sabotender_Mariachi
1627	132	Sagelord_Molaal_Ja_WW
1968	295	Saizo
1881	295	Salimuhl
1886	295	Salyhaar
328	307	Sand_Lizard
348	38	Sand_Pugil
671	150	Sapphirine_Quadav
1029	293	Savage_Hound_Condottiere
781	293	Scarlet_Boar_Esquire
1293	297	Scorpion_Caster
394	366	Seasonal_Treant
1818	84	Second_Rampart
399	236	Seiryu
284	458	Serket
332	95	Serpopard_Ishtar
349	38	Serra
292	18	Sewer_Syrup
264	195	Shadow_Eye
1890	295	Shailham
1886	295	Sharayaan
269	106	Sharp-Eared_Ropipi
1886	295	Shayaam
1824	75	Shielded_Chariot
364	409	Shii
336	189	Simurgh
288	177	Skewer_Sam
272	428	Skirmish_Pephredo
1125	419	Skull_of_Envy
1176	419	Skull_of_Gluttony
571	419	Skull_of_Greed
1101	419	Skull_of_Lust
1146	419	Skull_of_Pride
1136	419	Skull_of_Sloth
1118	419	Skull_of_Wrath
328	307	Slavering_Lizard
292	18	Slime_Mold
368	408	Smothered_Schmidt
550	415	Southern_Shadow
396	437	Spiny_Spipi
392	360	Staggering_Sapling
1735	147	Stealth_Bomber_Gagaroon
344	108	Steelfleece_Baldarich
654	150	Steel_Quadav
272	428	Stinging_Sophie
340	111	Stray_Mary
348	38	Stygian_Pugil
284	460	Sulfur_Scorpion
337	175	Suzaku
348	38	Swamfisk
268	106	Swarmspawn
291	59	Sweeping_Cluster
1726	212	Swiftwinged_Gekko
1889	293	Tahbmar
384	7	Taisaijin
328	307	Tarasque
1818	84	Third_Rampart
2239	32	Toad
300	350	Tom_Tit_Tat
367	92	Torama
392	360	Tottering_Toby
445	175	Tragopan
256	173	Trained_Bat
356	25	Trained_Crab
284	460	Trained_Scorpion
451	62	Trickster_Kinetix
774	293	Trion
1708	163	Troll_Cameist
1712	163	Troll_Combatant
1712	163	Troll_Engraver
1689	163	Troll_Gemologist
1686	163	Troll_Ironworker
1684	163	Troll_Lapidarist
1707	163	Troll_Smelter
1712	163	Troll_Stoneworker
1977	382	Trolls_Automaton
376	338	Tumbling_Truffle
284	460	Tyrannic_Tunnok
1887	295	Ubdeen
1887	295	Udhaaman
263	295	Ulbrecht
1965	295	Umarid
356	25	Undead_Crab
277	8	Undead_Leech
292	18	Undead_Slime
321	398	Undead_Toad
398	235	Ungur
268	106	Unut
1813	146	Uriri_Samariri
317	315	Vagrant_Lindwurm
448	444	Valkurm_Emperor
1800	5	Vanilla_Custard
1886	295	Varajahl
2175	484	Varanus
1775	215	Vile_Ineef
1776	215	Vile_Wahdaha
1726	215	Vile_Wahzil
1775	215	Vile_Yabeewa
1792	379	Virulent_Flask
281	46	Volcanic_Bomb
773	295	Volker
381	353	Voluptuous_Vivian
398	235	Vouivre
280	46	Vulcanian_Bomb
308	114	Wajaom_Tiger
1808	470	Wamoura
1802	471	Wamouracampa
1808	470	Wandering_Wamoura
288	177	Waraxe_Beak
1726	212	Watch_Imp
551	415	Western_Shadow
1888	295	Wharadi
572	419	Wight_war
1798	296	Wildcat_Volunteer
341	109	Wild_Karakul
1726	212	Windjammer_Imp
1787	319	Locus_Wivre
388	366	Woodland_Sage
368	408	Wounded_Wurfel
256	173	Wraith_Bat
398	235	Wyvern
2083	168	Yagudo_Carrier
2083	168	Yagudo_Conversus
2077	168	Yagudo_Guard
2083	168	Yagudo_Gyrovague
2080	168	Yagudo_Missionary
2083	168	Yagudo_Neophyte
2083	168	Yagudo_Seminarian
2089	168	Yagudo_Stormer
589	168	Yagudo_Theologist
1961	295	Yanshaal
392	360	Yara_Ma_Yha_Who
266	295	Yazquhl
1886	295	Yhalbin
404	85	Young_Behemoth
317	315	Yowie
1796	222	Zahak
2063	294	Zazarg
289	177	Zebra_Zachary
1889	293	Zhadjaraf
289	177	Ziz
289	177	Zizzy_Zillah
356	25	Duke_Decapod
451	62	Nocuous_Weapon
256	173	Barbastelle
445	175	Habrok
396	437	Herbage_Hunter
292	18	Mucoid_Mass
367	92	Patripatan
17	246	Pet_Fenrir
18	248	Pet_Ifrit
19	255	Pet_Titan
20	249	Pet_Leviathan
21	247	Pet_Garuda
22	253	Pet_Shiva
23	252	Pet_Ramuh
16	243	Pet_Carbuncle
27	239	Pet_Alexander
25	245	Pet_Diabolos
26	250	Pet_Odin
268	106	Pet_Keeneared_Steffi
448	444	Pet_Mayfly_Familiar
448	444	Pet_Shellbuster_Orob
340	111	Pet_Sheep_Familiar
340	111	Pet_Lullaby_Melodia
328	307	Pet_Lizard_Familiar
328	307	Pet_Coldblood_Como
300	350	Pet_Flowerpot_Bill
300	350	Pet_Flowerpot_Ben
308	114	Pet_Tiger_Familiar
308	114	Pet_Saber_Siravarde
408	429	Pet_Beetle_Familiar
408	429	Pet_Panzer_Galahad
367	92	Pet_Crafty_Clyvonne
2246	92	Pet_Bloodclaw_Shasra
356	25	Pet_Crab_Familiar
360	25	Pet_Courier_Carrie
270	106	Pet_Lucky_Lulush
276	8	Pet_Fatso_Fargann
376	338	Pet_Funguar_Familiar
376	338	Pet_Discreet_Louise
301	350	Pet_Homunculus
316	315	Pet_Swift_Sieghard
372	334	Pet_Amigo_Sabotender
1345	336	Pet_Flytrap_Familiar
1345	336	Pet_Voracious_Audrey
1349	303	Pet_Eft_Familiar
1349	303	Pet_Ambusher_Allie
1353	442	Pet_Mite_Familiar
1353	442	Pet_Lifedrinker_Lars
1347	422	Pet_Antlion_Familiar
1347	422	Pet_Chopsuey_Chucky
2018	449	Pet_Dipper_Yuly
2247	350	Pet_Flowerpot_Merle
340	111	Pet_Nursery_Nazuna
448	444	Pet_Mailbuster_Cetas
328	307	Pet_Audacious_Anna
1345	336	Pet_Presto_Julio
1349	303	Pet_Bugeyed_Broncha
2021	19	Pet_Gooey_Gerard
2248	114	Pet_Gorefang_Hobs
1365	187	Pet_Faithful_Falcorr
2382	298	Pet_Crude_Raphie
1723	171	Pet_Dapper_Mac
2239	144	Pet_Slippery_Silas
350	38	Pet_Turbid_Toloi
268	106	Pet_Hare_Familiar
2515	305	Achuka
2580	194	Hurkan
2585	89	Kumhau
1630	132	Mamool_Ja_Trainer
268	106	Teporingo
2505	39	Tchakka
2510	369	Yumcax
2500	432	Colkhab
0	382	Harlequin_Frame
0	382	Valoredge_Frame
0	382	Sharpshot_Frame
0	382	Stormwaker_Frame
1738	99	Mahishasura
1744	224	Nis_Puk
2037	139	Orcish_Veteran_past
1345	336	Lizardtrap
1751	416	Reserve_Draugar_AR_thf
1758	416	Reserve_Draugar_AR_drk
1763	416	Reserve_Draugar_AR_drg
1776	215	Amnaf_Psycheflayer
1047	139	Bloodwing_Deathrainer
341	109	Peallaidh_NI
1266	295	Selhteus
444	175	Tococo
376	338	Amanita
340	111	Slumbering_Samwell
1900	403	Ashu_Talif_Crew_mnk
1899	403	Ashu_Talif_Crew_rdm
1609	132	Mamool_Ja_Warder_bst
1634	132	Mamool_Ja_Warder_whm
1603	132	Mamool_Ja_Executioner_bu
1872	403	Experimental_Undead_brd
1875	403	Experimental_Undead_blm
1688	163	Broken_Troll_Soldier_pld
1686	163	Broken_Troll_Soldier_war
1708	163	Broken_Troll_Soldier_rdm
2076	168	Yagudo_Interrogator_past
583	168	Yagudo_Priest_past
2079	168	Yagudo_Herald_past
2082	168	Yagudo_Votary_past
593	168	Yagudo_Drummer_past
605	168	Yagudo_Prior_past
2670	295	Arciela
2662	93	Darrcuiln
2671	295	Morimar
2605	399	Balamors_Sycophant
2605	399	Regicidal_Dullahan
2630	397	Balamor
1288	297	Zurko-Bazurko
2739	295	Ingrid
257	295	The_Keeper
514	295	Mistdagger
769	295	The_Briars_elv
2050	295	The_Briars_gal
367	92	Sekhmet
392	360	Ghillie_Dhu
24	236	Player_Pet_Wyvern
637	139	Orcish_Hexspinner_past
1897	403	Ashu_Talif_Crew_cor
344	108	Rambukk
348	38	Hippomaritimus
300	350	Koropokkur
273	428	Numbing_Norman
356	25	Wake_Warder_Wanda
1738	99	Marid_MJTG
1751	416	Draugar2
404	85	Lofty_Behemoth
609	226	Lofty_Wyrm
400	298	Lofty_Adamantoise
405	85	Lofty_Elasmoth
2174	238	Lofty_Zilant
2376	298	Lofty_Ferromantoise
2110	184	Lofty_Harpeia
1393	295	Raubahn_redvsbl
348	38	Giant_Pugil_assault
356	25	Snipper_assault
356	25	Clipper_assault
353	42	Kraken_assault
28	242	Cait_Sith
2060	3	Paramount_Botulus
2059	206	Paramount_Gallu
2136	82	Paramount_Ironclad
2066	454	Paramount_Mantis
2106	184	Paramount_Harpeia
2105	411	Paramount_Naraka
2393	82	Veiled_Ironclad
2104	453	Mired_Mantis
2111	411	Soaring_Naraka
1057	139	Fangmonger_Colossus
2181	293	Excenmille_S
770	293	Maxcimille
428	143	Bostillette
1796	222	Mired_Hydra
1805	67	Mired_Khimaira
1793	90	Mired_Cerberus
1797	222	Mired_Alfard
1807	67	Mired_Khrysokhimaira
1794	90	Mired_Orthrus
1845	421	Soaring_Vampyr
1839	204	Soaring_Dvergr
1364	394	Soaring_Corse
1846	421	Soaring_Strigoi
1840	204	Soaring_Dweorg
2389	396	Soaring_Kumakatok
2027	14	Veiled_Sandworm
2391	169	Veiled_Sanguiptere
2227	272	Veiled_Alicorn
2029	14	Veiled_Gigaworm
2222	169	Veiled_Amphiptere
2226	272	Veiled_Ixion
437	263	Auspicious_Entity_Ice
438	256	Auspicious_Entity_Wind
2150	265	Auspicious_Entity_ice2
443	259	Auspicious_Entity_Dark
439	260	Auspicious_Entity_Earth
2151	263	Auspicious_Entity_ice3
1351	302	Gherrmoga
1047	139	Bloodwing_Maimer
1794	296	Cobra_Mercenary_1
1793	296	Cobra_Mercenary_2
1795	296	Cobra_Mercenary_3
1796	296	Cobra_Mercenary_4
1797	296	Cobra_Mercenary_5
1798	296	Cobra_Mercenary_6
1792	296	Cobra_Mercenary_7
1794	296	Cobra_Mercenary_8
669	150	Zircon_Quadav_past
659	150	Silver_Quadav_PMS
2117	150	BoDhos_Shieldwarrior_GR
8	261	FireSpirit
9	263	IceSpirit
10	256	AirSpirit
11	260	EarthSpirit
13	265	ThunderSpirit
12	267	WaterSpirit
14	264	LightSpirit
15	259	DarkSpirit
412	69	Hovering_Hotpot
1790	46	Qiqirn_Mine
3000	297	shantotto
3001	295	naji
3002	297	kupipi
3003	293	excenmille
3004	295	ayame
3005	296	nanaa_mihgo
3006	293	curilla
3007	295	volker
3008	297	ajido-marujido
3009	293	trion
3010	294	zeid
3011	295	lion
3012	295	tenzen
3013	296	mihli_aliapoh
3014	293	valaineral
3015	295	joachim
3016	296	naja_salaheem
3017	293	prishe
3018	293	ulmia
3019	296	shikaree_z
3020	297	cherukiki
3021	294	iron_eater
3022	168	gessho
3023	295	gadalar
3024	293	rainemard
3025	295	ingrid
3026	296	lehko_habhoka
3027	295	nashmeira
3028	294	zazarg
3029	382	ovjang
3030	382	mnejing
3031	175	sakura
3032	293	luzaf
3033	295	najelith
3034	295	aldo
3035	138	moogle
3036	126	fablinix
3037	295	maat
3038	297	d_shantotto
3039	297	star_sibyl
3040	297	karaha-baruha
3041	295	cid
3042	295	gilgamesh
3043	293	areuhat
3044	296	semih_lafihna
3045	295	elivira
3046	293	noillurie
3047	296	lhu_mhakaracca
3048	294	ferreous_coffin
3049	295	lilisette
3050	295	mumor
3051	296	uka_totlihn
3053	295	klara
3054	296	romaa_mihgo
3055	296	kuyin_hathdenna
3056	293	rahal
3057	297	koru-moru
3058	293	pieuje_uc
3060	294	i_shield_uc
3061	297	apururu_uc
3062	296	jakoh_uc
3059	293	flaviria_uc
3067	350	babban
296	340	abenzio
3069	293	rughadjeen
3070	297	kukki-chebukki
3071	295	margret
3072	147	chacharoon
3073	293	lhe_lhangavo
3074	295	arciela
3075	295	mayakov
3076	293	qultada
3077	295	adelheid
3078	297	amchuchu
3079	295	brygid
3080	295	mildaurion
3087	293	halver
3088	293	rongelouts
3089	293	leonoyne
3090	295	maximilian
3091	297	kayeel-payeel
3092	297	robel-akbel
3093	138	kupofried
3094	295	Selhteus
3095	297	yoran-oran_uc
3096	295	sylvie_uc
3098	295	abquhbah
3099	397	balamor
3100	295	august
3101	342	rosulatia
3103	295	teodor
3105	394	ullegore
3106	297	makki-chebukki
3107	49	king_of_hearts
3108	295	morimar
3109	93	darrcuiln
3113	295	aahm
3114	293	aaev
3115	296	aamr
3116	297	aatt
3117	294	aagk
3111	295	iroha
3118	342	ygnas
3120	293	monberaux
3119	295	cornelia
3121	297	matsui-p
3052	293	excenmille_s
3063	295	ayame_uc
3064	295	maat_uc
3065	295	aldo_uc
3066	296	naja_uc
3081	295	lion_ii
3086	294	zeid_ii
3082	293	prishe_ii
3083	295	nashmeira_ii
3084	295	lilisette_ii
3097	295	tenzen_ii
3104	295	mumor_ii
3102	295	ingrid_ii
3085	295	arciela_ii
3112	295	iroha_ii
3110	297	shantotto_ii
2856	484	Luopan
2117	150	Ancient_Quadav_past
2121	150	Brass_Quadav_past
2116	150	Old_Quadav_past
2126	150	Bronze_Quadav_past
606	168	Yagudo_Abbot_outdoor_S
2048	139	Orcish_Brawler_past
2037	139	Orcish_Footsoldier_past
2049	139	Orcish_Gladiator_past
2042	139	Orcish_Trooper_past
406	439	Carmine_Eruca_NI
312	464	Spinner_NI
1345	336	Puktrap_NI
382	353	Ameretat_NI
384	7	Thousand_Eyes_NI
277	8	Bouncing_Ball_NI
292	18	Mousse_NI
320	398	Tainted_Flesh_NI
1619	132	Mamool_Ja_Executioner_ni
368	408	Haunt_SSR
369	407	Bhoot_NI
564	419	Doom_Mage_SSR
564	419	Guard_Skeleton_blm_SSR
572	419	Guard_Skeleton_war_SSR
451	62	Killing_Weapon_NI
451	62	Ominous_Weapon_NI
412	69	Magic_Flagon_NI
1609	132	Mamool_Ja_Trainee_bst
1607	132	Mamool_Ja_Trainee_blu
1729	34	Orobon_AR
2075	139	One-eyed_Gwajboj_S
671	150	Sapphirine_Quadav_LITD
671	150	Sapphire_Quadav_LITD
773	293	Excaliace
30	254	Pet_Siren
1045	320	Quasilumin
1207	293	Garrison
1834	239	Alexander_WTC
1835	239	Alexander_Image
29	240	Pet_Atomos
1799	5	Flan_Princess
2958	350	Pet_Sweet_Caroline
350	38	Pet_Amiable_Roche
449	444	Pet_Headbreaker_Ken
1353	442	Pet_Anklebiter_Jedd
1347	422	Pet_Cursed_Annabelle
376	338	Pet_Brainy_Waluis
292	18	Pet_Slime_Familiar
292	18	Pet_Sultry_Patrice
2021	19	Pet_Generous_Arthur
2550	362	Pet_Redolent_Candi
2550	362	Pet_Alluring_Honey
2246	92	Pet_Lynx_Familiar
2246	92	Pet_Vivacious_Gaston
2600	102	Pet_Caring_Kiyomaro
2600	102	Pet_Vivacious_Vickie
1349	303	Pet_Suspicious_Alice
1723	171	Pet_Surging_Storm
1723	171	Pet_Submerged_Iyo
328	307	Pet_Warlike_Patrick
340	111	Pet_Rhyming_Shizuna
308	114	Pet_Blackbeard_Randy
2018	449	Pet_Threestar_Lynn
408	429	Pet_Hurler_Percival
2570	1	Pet_Acuex_Familiar
2570	1	Pet_Fluffy_Bredo
2943	449	Pet_Weevil_Familiar
2943	449	Pet_Stalwart_Angelina
316	315	Pet_Fleet_Reinhard
301	350	Pet_Sharpwit_Hermes
358	25	Pet_Porter_Crab_Familiar
358	25	Pet_Jovial_Edwin
2595	192	Pet_Attentive_Ibuki
2595	192	Pet_Swooping_Zhivago
357	25	Pet_Sunburst_Malfik
356	25	Pet_Aged_Angus
2545	434	Pet_Scissorleg_Xerin
2545	434	Pet_Bouncing_Bertha
310	464	Pet_Spider_Familiar
310	464	Pet_Gussy_Hachirobe
1720	179	Pet_Colibri_Familiar
1720	179	Pet_Choral_Leera
270	106	Pet_Droopy_Dortwin
270	106	Pet_Pondering_Peter
2873	25	Pet_Herald_Henry
1365	187	Pet_Hippogryph_Familiar
1365	187	Pet_Daring_Roland
2919	428	Pet_Mosquito_Familiar
2919	428	Pet_Left-Handed_Yoko
2666	32	Pet_Brave_Hero_Glenn
410	429	Pet_Yellow_Beetle_Familiar
410	429	Pet_Energized_Sefina
0	484	Antican_Curule_Aedilis
0	484	Berserk_Bunny
0	484	Cave_Kraken
0	484	Cornucopieyes
0	484	Daimoxinos
0	484	Dendigger_Crab
0	484	Elkopsikor
0	484	Feathered_Foe
0	484	Felsic_Marolith
0	484	Floppy_Hare
0	484	Forcer
0	484	Fresh_Catch
0	484	Garmatur_the_Merciless
0	484	Goblin_Browbeater
0	484	Grotto_Panopt
0	484	Hirudinid
0	484	Izyx
0	484	Izyxs_Voyeur
0	484	Limber_Lynx
0	484	Mafic_Marolith
0	484	Magisterial_Meeble
0	484	Maze_Lurker
0	484	Melisseus
0	484	Melisseus_Zamzama
0	484	Moblin_Commander
0	484	Moblin_Rapscallion
0	484	Moblin_Ruffian
0	484	Moblin_Thaumaturge
0	484	Rambunctious_Meeble
0	484	Rapacious_Meeble
0	484	Samursk
0	484	Spikehelm_Argok
0	484	Stagdella
0	484	Tethys
0	484	Tunnel_Crab
0	484	Pupil_Palliator_I
0	484	Pupil_Palliator_III
0	484	Alicanto
0	484	Baricos
0	484	Battlegorged_Wamoura
0	484	Chaperix
0	484	Chaperixs_Elemental
0	484	Chigoe_Surprise
0	484	Coalcruncher_Lizard
0	484	Craggy_Marolith
0	484	Dinky_Bat
0	484	Dinky_Beetle
0	484	Dinky_Funguar
0	484	Dinky_Spider
0	484	Dinky_Worm
0	484	Dreyruk
0	484	Faulty_Mine
0	484	Findaflok
0	484	Fodder_Beetle
0	484	Fodder_Funguar
0	484	Fodder_Spider
0	484	Fodder_Worm
0	484	Forcer
0	484	Gigas_Gaoler
0	484	Glibber
0	484	Goblin_Digger
0	484	Goblin_Sentry
0	484	Grannus
0	484	Grannuss_Firebug
0	484	Guardian_Behemoth
0	484	Haietlik
0	484	Harried_Meeble
0	484	Hulking_Marolith
0	484	Ignoble_Ghoisdos
0	484	Kobcha
0	484	Lacquered_Mimic
0	484	Maze_Keeper
0	484	Maze_Lurker
0	484	Meeble_Horticulturist
0	484	Mesetetef
0	484	Mudcaked_Crawler
0	484	Nefarious_Ghoisdos
0	484	Oregnasher_Lizard
0	484	Papeterie
0	484	Picayune_Bat
0	484	Picayune_Beetle
0	484	Possessed_Claymores
0	484	Possessed_Daggers
0	484	Possessed_Longswords
0	484	Predacious_Wamouracampa
0	484	Reinforced_Crate
0	484	Rowdy_Meeble
0	484	Sanguinary_Wamoura
0	484	Shambling_Marolith
0	484	Skeleton_Aggressor
0	484	Skeleton_Skirmisher
0	484	Sombre_Mimic
0	484	Subterranean_Leohtfaet
0	484	Terrormonger
0	484	Treasure_Gobbler
0	484	Twilight_Truffle
0	484	Vociferous_Meeble
0	484	Watcher
0	484	7th_Cohors_Engineer
0	484	Anapos
0	484	Antje
0	484	Aphotic_Crab
0	484	Atlas_Beetle
0	484	Babalu_Aye
0	484	Befouled_Slime
0	484	Befuddled_Meeble
0	484	Bellicose_Tarichuk
0	484	Burrows_Depthmarker
0	484	Caointeach
0	484	Centycore
0	484	Chichevache
0	484	Chuhaister
0	484	Clay_Krater
0	484	Cluster_Fly
0	484	Cluster_Scorpion
0	484	Cluster_Spider
0	484	Colony_Bat
0	484	Crab
0	484	Crawler
0	484	Crusted_Pincer
0	484	Curupira
0	484	Dicey_Dorcus
0	484	Dzoavits
0	484	Egungun
0	484	Entremet
0	484	Extirpating_Weapon
0	484	Falxfang_Tiger
0	484	Feeble_Eft
0	484	Fetid_Slime
0	484	Fiendish_Weapon
0	484	Flamma
0	484	Flytrap
0	484	Fulmen
0	484	Fungic_Koti
0	484	Glacies
0	484	Gnat
0	484	Gnole
0	484	Gnyan
0	484	Goblin_Scrounger
0	484	Goldwing
0	484	Gorib
0	484	Gumdrop
0	484	Haferbocks
0	484	Hippalectryon
0	484	Incited_Meeble
0	484	Iyamoopo
0	484	Kendi
0	484	Kerwan
0	484	Kimmerios
0	484	Kraken
0	484	Kuperan
0	484	Ladybug
0	484	Lair_Lizard
0	484	Leech
0	484	Lizard
0	484	Lubber_Lyle
0	484	Luminare
0	484	Maze_Demolisher
0	484	Maze_Lurker
0	484	Meeble_Augur
0	484	Meeble_Scribe
0	484	Metshaldjas
0	484	Metsik
0	484	Moblin_Arcanist
0	484	Moblin_Militant
0	484	Moblin_Miscreant
0	484	Mucid_Slime
0	484	Nhev_Befrathi
0	484	Nimble_Nelson
0	484	Niveus_Tages
0	484	Noxious_Nellie
0	484	Obin-Murt
0	484	Odious_Obdella
0	484	Opo-opo
0	484	Orcish_Mangler
0	484	Orcish_Muscle
0	484	Ore_Cruncher
0	484	Ore_Devourer
0	484	Osteoguard
0	484	Peckish_Cockatrice
0	484	Peiste
0	484	Pesoso
0	484	Piceous_Mimic
0	484	Pugnacious_Eft
0	484	Purushamriga
0	484	Rafflesia
0	484	Rahu
0	484	Rambunctious_Meeble
0	484	Red_Pillywiggin
0	484	Scultone
0	484	Seua_Peek
0	484	Shadhavar
0	484	Shadhavars_Avatar
0	484	Silagilith
0	484	Siltim
0	484	Skeleton
0	484	Skoll
0	484	Slug
0	484	Snarling_Meeble
0	484	Sparky_Sam
0	484	Spider
0	484	Stoic_Marolith
0	484	Student_Salvemixer_I
0	484	Student_Salvemixer_II
0	484	Student_Salvemixer_III
0	484	Subterranean_Safepoint
0	484	Sulphurous_Bomb
0	484	Sulphurous_Djinn
0	484	Surtr
0	484	Svaha
0	484	Syu_Befrathi
0	484	Tanihwa
0	484	Tatzelwurm
0	484	Tectochuk
0	484	Tellus
0	484	Tenebrous_Bat
0	484	Terror_Fly
0	484	Tumultuous_Worm
0	484	Tupilaq
0	484	Umagrhk
0	484	Varaneft
0	484	Ventus
0	484	Wicked_Weapon
0	484	Winged_Menace
0	484	Worm
0	484	Yagudo_Kamari
0	484	Yellow_Pillywiggin
0	484	Abject_Acuex
0	484	Abject_Hecteyes
0	484	Abject_Leech
0	484	Abject_Obdella
0	484	Aita
0	484	Aminon
0	484	Biune_Air_Elemental
0	484	Biune_Dark_Elemental
0	484	Biune_Earth_Elemental
0	484	Biune_Fire_Elemental
0	484	Biune_Ice_Elemental
0	484	Biune_Light_Elemental
0	484	Biune_Porxie
0	484	Biune_Thunder_Elemental
0	484	Biune_Umbril
0	484	Biune_Water_Elemental
0	484	Cachaemic_Bhoot
0	484	Cachaemic_Corse
0	484	Cachaemic_Ghost
0	484	Cachaemic_Ghoul
0	484	Cachaemic_Skeleton
0	484	Degei
0	484	Demisang_Black_Mage
0	484	Demisang_Deleterious
0	484	Demisang_Monk
0	484	Demisang_Red_Mage
0	484	Demisang_Thief
0	484	Demisang_Warrior
0	484	Demisang_White_Mage
0	484	Dhartok
0	484	Esurient_Botulus
0	484	Esurient_Flan
0	484	Esurient_Slime
0	484	Esurient_Slug
0	484	Fetid_Baelfyr
0	484	Fetid_Byrgen
0	484	Fetid_Gefyrst
0	484	Fetid_Ixion
0	484	Fetid_Ungeweder
0	484	Fetid_Veela
0	484	Gartell
0	484	Ghatjot
0	484	Gyvewrapped_Dullahan
0	484	Gyvewrapped_Hound
0	484	Gyvewrapped_Naraka
0	484	Gyvewrapped_Vampyr
0	484	Haughty_Bard
0	484	Haughty_Beastmaster
0	484	Haughty_Dark_Knight
0	484	Haughty_Dragoon
0	484	Haughty_Ninja
0	484	Haughty_Paladin
0	484	Haughty_Ranger
0	484	Haughty_Samurai
0	484	Haughty_Tulittia
0	484	Leshonn
0	484	Malicious_Spire
0	484	Poison_Mist
0	484	Skomora
0	484	Triboulex
0	484	Zisurru
0	484	Clavauert_B_Chanoix
389	366	Twinkling_Treant
